Name,Age
Vincent Benjamin,88
Tiffany Harris,53
James Orr,52
Patrick Hall,64
David Henderson,68
Maria Smith,95
Courtney Bell,94
Hunter Hall,92
Dr. David Spence,61
Tiffany Contreras,57
Matthew Garcia,91
Carol Johnson,60
Whitney Sanchez,66
Peter Wilson,87
Christina Bowen,94
Rhonda Stephenson,61
Jessica Farmer,69
Evan Arroyo,59
Raymond Wilson,87
Anthony Barrett,55
Nicholas Torres,51
Benjamin Meyers,59
Rodney Sosa,93
Madison Mendez,91
Lori Curry,89
Charles Cohen,97
Elizabeth Prince,70
Brandon Smith,67
Monique Hampton,62
Danielle Bennett,70
Angela Ferguson,80
Tammy Cowan,93
Tiffany Campbell,59
Gregory Ayala,63
Catherine Warren,79
James Johnson,83
Joseph Johnson,75
Brian Mitchell,83
Matthew Watkins,98
Stephen Miller,62
Sonya Murphy,97
Annette Cochran,79
Selena Allen,55
Justin Miles,65
Zachary Austin,53
Melissa Garcia,86
Louis Harris,81
William Thompson,94
Brenda Miranda,77
Patrick Atkins,96
Chad Bennett,84
Alexander Becker,68
David Hernandez,80
Dave Roberts,82
Breanna Clements,86
Christine Nguyen,87
Kimberly Allen,74
Joseph Ford,95
Nicholas Bryan,59
Lori Reeves,51
Jennifer Myers,68
Michelle Winters,85
John Joyce,69
Trevor Hoffman,73
Jared Owens,85
Joshua Price,92
David Mullins,97
Pamela Hines,74
Tammy Turner,91
Ashlee Edwards,99
Richard Wang,60
Jamie Horne,89
Melinda Montgomery,75
Charles Marks,71
Gerald Kelly,88
Paul Brewer,75
Kristin Perez,81
Ashley Herrera,97
Andrew Hoffman,87
Karen Moore,72
Linda Frederick,77
Todd Lee,54
Alex Bailey,68
Zachary Reyes,84
Brenda Fleming,75
Richard Barry,64
John Harris,94
Todd Coleman,95
William Stokes,52
Laura Lee,71
Karen Curry,62
Kenneth Jacobs,72
Sandra Rollins,72
Michael Bradshaw,73
Christopher Wilson,58
Patricia Grant,72
Brian Christensen DDS,97
Cesar Murray,73
Meghan Cobb,100
Robert Thomas,96
Paula Atkinson,81
Joshua Hall,98
Rebecca Kelly MD,90
Dr. Carol Lester DVM,64
Brian Jenkins,65
Laurie Barnes,76
Tammy Norton,53
Cody Johnson,78
